"State","DivisionId","DivisionAb","DivisionName","PartyAb","CandidateSurname","Votes"
"ACT",318,"BEAN","Bean","BTA","BTA_BEAN",4214
"ACT",318,"BEAN","Bean","GRN","GRN_BEAN",12365
"ACT",318,"BEAN","Bean","LP","LP_BEAN",33750
"ACT",318,"BEAN","Bean","ALP","ALP_BEAN",40177
"ACT",318,"BEAN","Bean","","Informal",2786
"ACT",101,"CANB","Canberra","BTA","BTA_CANB",3440
"ACT",101,"CANB","Canberra","LP","LP_CANB",26757
"ACT",101,"CANB","Canberra","","Informal",1909
"ACT",101,"CANB","Canberra","ALP","ALP_CANB",34643
"ACT",101,"CANB","Canberra","GRN","GRN_CANB",15280
"ACT",101,"CANB","Canberra","IND","WOODMAN",1494
"ACT",102,"FENN","Fenner","IND","WOODMAN",3213
"ACT",102,"FENN","Fenner","ALP","ALP_FENN",37067
"ACT",102,"FENN","Fenner","LP","LP_FENN",26839
"ACT",102,"FENN","Fenner","GRN","GRN_FENN",10485
"ACT",102,"FENN","Fenner","BTA","BTA_FENN",3018
"ACT",102,"FENN","Fenner","","Informal",2490
"NSW",103,"BANK","Banks","LP","COLEMAN",39423
"NSW",103,"BANK","Banks","ALP","GAMBIAN",35890
"NSW",103,"BANK","Banks","AJP","BARNES",1555
"NSW",103,"BANK","Banks","FFP","WU",1621
"NSW",103,"BANK","Banks","IND","SPANSWICK",1341
"NSW",103,"BANK","Banks","","Informal",6656
"NSW",103,"BANK","Banks","CDP","BONDAR",4777
"NSW",103,"BANK","Banks","GRN","CLARK",5225
"NSW",104,"BART","Barton","","Informal",7991
"NSW",104,"BART","Barton","IND","TORKEL",2236
"NSW",104,"BART","Barton","CDP","SUSILO",3714
"NSW",104,"BART","Barton","GRN","HEBER",7741
"NSW",104,"BART","Barton","LP","VARVARIS",31038
"NSW",104,"BART","Barton","ALP","BURNEY",41878
"NSW",104,"BART","Barton","SOL","TSOUKALAS",1095
"NSW",105,"BENN","Bennelong","CDP","WORSLEY",5903
"NSW",105,"BENN","Bennelong","GRN","ALICK",8424
"NSW",105,"BENN","Bennelong","LP","ALEXANDER",46497
"NSW",105,"BENN","Bennelong","ALP","HOWISON",26270
"NSW",105,"BENN","Bennelong","","Informal",4942
"NSW",105,"BENN","Bennelong","IND","MULCARE",2885
"NSW",105,"BENN","Bennelong","ARTS","GORDON",992
"NSW",105,"BENN","Bennelong","PIR","AUGUST",1260
"NSW",106,"BERO","Berowra","","Informal",4082
"NSW",106,"BERO","Berowra","IND","GALLAGHER",2859
"NSW",106,"BERO","Berowra","IND","WOODWARD",826
"NSW",106,"BERO","Berowra","GRN","HEYDE",10815
"NSW",106,"BERO","Berowra","CDP","THEW",5213
"NSW",106,"BERO","Berowra","LP","LEESER",53678
"NSW",106,"BERO","Berowra","ALP","ANDREWS",18693
"NSW",106,"BERO","Berowra","FUT","CLARKE",1933
"NSW",107,"BLAX","Blaxland","","Informal",10429
"NSW",107,"BLAX","Blaxland","SEP","ZABALA",980
"NSW",107,"BLAX","Blaxland","CDP","NASR",4810
"NSW",107,"BLAX","Blaxland","GRN","VIRAGO",3698
"NSW",107,"BLAX","Blaxland","LP","FINDLAY",19825
"NSW",107,"BLAX","Blaxland","ALP","CLARE",50572
"NSW",108,"BRFD","Bradfield","","Informal",3446
"NSW",108,"BRFD","Bradfield","IND","BERMAN",4248
"NSW",108,"BRFD","Bradfield","CDP","VALE",3497
"NSW",108,"BRFD","Bradfield","GRN","JONES",10936
"NSW",108,"BRFD","Bradfield","LP","FLETCHER",57231
"NSW",108,"BRFD","Bradfield","ALA","KELLY",1796
"NSW",108,"BRFD","Bradfield","ALP","GOMPERTZ",15926
"NSW",109,"CALA","Calare","NP","GEE",47717
"NSW",109,"CALA","Calare","","Informal",5490
"NSW",109,"CALA","Calare","IND","CRAIG",3836
"NSW",109,"CALA","Calare","XEN","BLOOMFIELD",5412
"NSW",109,"CALA","Calare","CDP","GESLING",2386
"NSW",109,"CALA","Calare","GRN","SKY",7238
"NSW",109,"CALA","Calare","ALP","JENNINGS",27132
"NSW",109,"CALA","Calare","LDP","DAVIS",6557
"NSW",111,"CHIF","Chifley","","Informal",7785
"NSW",111,"CHIF","Chifley","IND","KHAN",2194
"NSW",111,"CHIF","Chifley","CDP","GREEN",7820
"NSW",111,"CHIF","Chifley","GRN","JAMES",3883
"NSW",111,"CHIF","Chifley","LP","KUMAR",19394
"NSW",111,"CHIF","Chifley","ALP","HUSIC",52278
"NSW",112,"COOK","Cook","","Informal",4983
"NSW",112,"COOK","Cook","IND","BRETT",3153
"NSW",112,"COOK","Cook","CDP","CAPSIS",4430
"NSW",112,"COOK","Cook","GRN","HUNT",6198
"NSW",112,"COOK","Cook","LP","MORRISON",53321
"NSW",112,"COOK","Cook","ALP","ATKINS",24283
"NSW",113,"COWP","Cowper","","Informal",5613
"NSW",113,"COWP","Cowper","CEC","GOUGH",726
"NSW",113,"COWP","Cowper","CDP","LAWRENCE",3538
"NSW",113,"COWP","Cowper","GRN","VERNON",6901
"NSW",113,"COWP","Cowper","ALP","WOOD",14079
"NSW",113,"COWP","Cowper","NP","HARTSUYKER",47559
"NSW",113,"COWP","Cowper","IND","ARKAN",3457
"NSW",113,"COWP","Cowper","IND","OAKESHOTT",27200
"NSW",114,"CUNN","Cunningham","","Informal",4933
"NSW",114,"CUNN","Cunningham","NCP","FLANAGAN",1582
"NSW",114,"CUNN","Cunningham","GRN","BLAKEY",14200
"NSW",114,"CUNN","Cunningham","LP","BLICAVS",28263
"NSW",114,"CUNN","Cunningham","CDP","RYAN",3939
"NSW",114,"CUNN","Cunningham","ALP","BIRD",46414
"NSW",114,"CUNN","Cunningham","FUT","WATERS",2526
"NSW",115,"DOBE","Dobell","","Informal",5956
"NSW",115,"DOBE","Dobell","IND","BAKER",976
"NSW",115,"DOBE","Dobell","IND","STEPHENSON",1176
"NSW",115,"DOBE","Dobell","ON","EDWARDS",8326
"NSW",115,"DOBE","Dobell","CDP","ERVIN",2549
"NSW",115,"DOBE","Dobell","GRN","BOYD",5607
"NSW",115,"DOBE","Dobell","LP","McNAMARA",36586
"NSW",115,"DOBE","Dobell","ALP","McBRIDE",41454
"NSW",117,"EMON","Eden-Monaro","","Informal",6399
"NSW",117,"EMON","Eden-Monaro","IND","THALER",981
"NSW",117,"EMON","Eden-Monaro","ADVP","FRIEND",1448
"NSW",117,"EMON","Eden-Monaro","IND","GROSMAIRE",1683
"NSW",117,"EMON","Eden-Monaro","CDP","BENNETT",1763
"NSW",117,"EMON","Eden-Monaro","GRN","RYAN",7177
"NSW",117,"EMON","Eden-Monaro","LP","HENDY",39049
"NSW",117,"EMON","Eden-Monaro","ALP","KELLY",39565
"NSW",117,"EMON","Eden-Monaro","AJP","SEYMOUR",1986
"NSW",117,"EMON","Eden-Monaro","IND","BUCKLEY",817
"NSW",118,"FARR","Farrer","","Informal",6602
"NSW",118,"FARR","Farrer","MAP","O'BRIEN",1783
"NSW",118,"FARR","Farrer","CDP","ROSSETTO",3474
"NSW",118,"FARR","Farrer","GRN","COHN",7936
"NSW",118,"FARR","Farrer","LP","LEY",55893
"NSW",118,"FARR","Farrer","ALA","PIKE",5874
"NSW",118,"FARR","Farrer","ALP","KUNDE",17486
"NSW",118,"FARR","Farrer","IND","MILLS",4133
"NSW",119,"FOWL","Fowler","","Informal",9850
"NSW",119,"FOWL","Fowler","CDP","HALL",4792
"NSW",119,"FOWL","Fowler","GRN","CASHMAN",5264
"NSW",119,"FOWL","Fowler","LP","FARHAN",21812
"NSW",119,"FOWL","Fowler","ALP","HAYES",51559
"NSW",119,"FOWL","Fowler","SMK","DE LIMA",1343
"NSW",120,"GILM","Gilmore","ALP","PHILLIPS",40476
"NSW",120,"GILM","Gilmore","","Informal",4442
"NSW",120,"GILM","Gilmore","CDP","RYAN",5160
"NSW",120,"GILM","Gilmore","LP","SUDMALIS",46713
"NSW",120,"GILM","Gilmore","GRN","McCALLUM",10820
"NSW",121,"GRAY","Grayndler","","Informal",6343
"NSW",121,"GRAY","Grayndler","SEP","GRENFELL",333
"NSW",121,"GRAY","Grayndler","GRN","CASEY",19555
"NSW",121,"GRAY","Grayndler","DRF","HINDI",1029
"NSW",121,"GRAY","Grayndler","CDP","ELVY",1085
"NSW",121,"GRAY","Grayndler","AJP","HURST",1831
"NSW",121,"GRAY","Grayndler","FUT","MEOW-MEOW",1157
"NSW",121,"GRAY","Grayndler","ASXP","SHEIL",934
"NSW",121,"GRAY","Grayndler","ALP","ALBANESE",40503
"NSW",121,"GRAY","Grayndler","LP","VAN GOGH",20498
"NSW",121,"GRAY","Grayndler","REP","McLACHLAN",537
"NSW",121,"GRAY","Grayndler","CYC","McFARLANE",460
"NSW",122,"GREE","Greenway","","Informal",7282
"NSW",122,"GREE","Greenway","IND","BILLU",1749
"NSW",122,"GREE","Greenway","CDP","WRIGHT",4484
"NSW",122,"GREE","Greenway","GRN","WINSLOW",3351
"NSW",122,"GREE","Greenway","LP","KEANE",30657
"NSW",122,"GREE","Greenway","ALP","ROWLAND",43722
"NSW",122,"GREE","Greenway","LDP","MAK",2923
"NSW",122,"GREE","Greenway","FUT","SINGHA",924
"NSW",122,"GREE","Greenway","FFP","SALINS",1273
"NSW",124,"HUGH","Hughes","","Informal",4314
"NSW",124,"HUGH","Hughes","CDP","CAUDRE",4490
"NSW",124,"HUGH","Hughes","GRN","SMITH",6912
"NSW",124,"HUGH","Hughes","LP","KELLY",48734
"NSW",124,"HUGH","Hughes","ALP","STEINWALL",29895
"NSW",124,"HUGH","Hughes","AJP","ROBERTSON",3745
"NSW",125,"HUME","Hume","","Informal",5311
"NSW",125,"HUME","Hume","CEC","COSGROVE",1530
"NSW",125,"HUME","Hume","CDP","VAN DER BYL",3533
"NSW",125,"HUME","Hume","GRN","SHERWOOD",6274
"NSW",125,"HUME","Hume","LP","TAYLOR",51103
"NSW",125,"HUME","Hume","ALP","CHAMPION-FASHOYIN",30221
"NSW",125,"HUME","Hume","BTA","ANTHONEY",2267
"NSW",126,"HUNT","Hunter","","Informal",8249
"NSW",126,"HUNT","Hunter","CDP","STRETTON",3260
"NSW",126,"HUNT","Hunter","GRN","MORRIS",6842
"NSW",126,"HUNT","Hunter","ALP","FITZGIBBON",49962
"NSW",126,"HUNT","Hunter","IND","HARVEY",4740
"NSW",126,"HUNT","Hunter","IND","WARHAM",1934
"NSW",126,"HUNT","Hunter","NP","ROGERS",25409
"NSW",126,"HUNT","Hunter","IND","TROY",3216
"NSW",126,"HUNT","Hunter","IND","MARTIN",1103
"NSW",127,"KSMI","Kingsford Smith","","Informal",4849
"NSW",127,"KSMI","Kingsford Smith","CDP","WEATHERSTONE",2144
"NSW",127,"KSMI","Kingsford Smith","GRN","MACDONALD",9698
"NSW",127,"KSMI","Kingsford Smith","LP","FENELEY",34591
"NSW",127,"KSMI","Kingsford Smith","FUT","LEONG",2059
"NSW",127,"KSMI","Kingsford Smith","ALP","THISTLETHWAITE",43642
"NSW",128,"LIND","Lindsay","","Informal",11913
"NSW",128,"LIND","Lindsay","","CORNISH",2128
"NSW",128,"LIND","Lindsay","AFN","SALEAM",1068
"NSW",128,"LIND","Lindsay","XEN","LYNCH",1850
"NSW",128,"LIND","Lindsay","CDP","WORMALD",2701
"NSW",128,"LIND","Lindsay","GRN","LIU",3199
"NSW",128,"LIND","Lindsay","LP","SCOTT",35081
"NSW",128,"LIND","Lindsay","ALA","RODDICK",2110
"NSW",128,"LIND","Lindsay","ALP","HUSAR",36675
"NSW",128,"LIND","Lindsay","AJP","BLUNDELL",1454
"NSW",128,"LIND","Lindsay","FFP","LA BROOY",1513
"NSW",128,"LIND","Lindsay","DHJP","GRIMLEY",1497
"NSW",130,"LYNE","Lyne","","Informal",4797
"NSW",130,"LYNE","Lyne","IND","CHRISTENSEN",9227
"NSW",130,"LYNE","Lyne","GRN","LYFORD",9406
"NSW",130,"LYNE","Lyne","CDP","CARTER",3026
"NSW",130,"LYNE","Lyne","ALP","ALLEY",26470
"NSW",130,"LYNE","Lyne","NP","GILLESPIE",49399
"NSW",130,"LYNE","Lyne","IND","RIACH",2126
"NSW",131,"MACA","Macarthur","","Informal",6379
"NSW",131,"MACA","Macarthur","XEN","BAKOSS",3316
"NSW",131,"MACA","Macarthur","CDP","GENT",3875
"NSW",131,"MACA","Macarthur","GRN","MORONEY",3836
"NSW",131,"MACA","Macarthur","LP","MATHESON",32235
"NSW",131,"MACA","Macarthur","ALP","FREELANDER",46650
"NSW",132,"MACK","Mackellar","","Informal",5223
"NSW",132,"MACK","Mackellar","IND","BALL",6797
"NSW",132,"MACK","Mackellar","IND","GAVIN",2669
"NSW",132,"MACK","Mackellar","CDP","WRIGHT",2411
"NSW",132,"MACK","Mackellar","GRN","HALL",13204
"NSW",132,"MACK","Mackellar","LP","FALINSKI",48103
"NSW",132,"MACK","Mackellar","IND","HEGARTY",4542
"NSW",132,"MACK","Mackellar","ALP","FUNNELL",16286
"NSW",133,"MACQ","Macquarie","","Informal",6389
"NSW",133,"MACQ","Macquarie","CDP","LINCOLN",3567
"NSW",133,"MACQ","Macquarie","GRN","MORGAN",10257
"NSW",133,"MACQ","Macquarie","LP","MARKUS",34946
"NSW",133,"MACQ","Macquarie","ALA","HALLEY",1693
"NSW",133,"MACQ","Macquarie","ALP","TEMPLEMAN",32480
"NSW",133,"MACQ","Macquarie","LDP","SHORNIKOV",752
"NSW",133,"MACQ","Macquarie","AJP","GINGES",2554
"NSW",133,"MACQ","Macquarie","ASP","GRIZELJ",3550
"NSW",133,"MACQ","Macquarie","DHJP","COOPER",1653
"NSW",315,"MCMA","McMahon","LP","BILIC",25855
"NSW",315,"MCMA","McMahon","CDP","MAKSIMOVIC",6198
"NSW",315,"MCMA","McMahon","","Informal",9441
"NSW",315,"MCMA","McMahon","AFN","WATERSON",1797
"NSW",315,"MCMA","McMahon","GRN","O'NEILL",4665
"NSW",315,"MCMA","McMahon","ALP","BOWEN",45979
"NSW",315,"MCMA","McMahon","IND","SHAMASHA",1544
"NSW",134,"MITC","Mitchell","","Informal",4308
"NSW",134,"MITC","Mitchell","CDP","ALLEN",6303
"NSW",134,"MITC","Mitchell","GRN","BELLSTEDT",7287
"NSW",134,"MITC","Mitchell","LP","HAWKE",55168
"NSW",134,"MITC","Mitchell","ALP","PUNCH",22440
"NSW",135,"NENG","New England","","Informal",7196
"NSW",135,"NENG","New England","IND","TABER",2661
"NSW",135,"NENG","New England","IND","COX",856
"NSW",135,"NENG","New England","GRN","GOLDSTEIN",2775
"NSW",135,"NENG","New England","CDP","COLEFAX",1317
"NSW",135,"NENG","New England","CM","MAILLER",1337
"NSW",135,"NENG","New England","ALP","EWINGS",6662
"NSW",135,"NENG","New England","LDP","WHELAN",1151
"NSW",135,"NENG","New England","SOL","WALKER",809
"NSW",135,"NENG","New England","NP","JOYCE",49673
"NSW",135,"NENG","New England","IND","WINDSOR",27763
"NSW",136,"NEWC","Newcastle","","Informal",4939
"NSW",136,"NEWC","Newcastle","IND","HOLDING",2735
"NSW",136,"NEWC","Newcastle","GRN","MACKENZIE",13558
"NSW",136,"NEWC","Newcastle","LP","COMPTON",29689
"NSW",136,"NEWC","Newcastle","CDP","CAINE",2132
"NSW",136,"NEWC","Newcastle","ALP","CLAYDON",46762
"NSW",136,"NEWC","Newcastle","DLP","SOUTHWELL",968
"NSW",136,"NEWC","Newcastle","DRF","BURGE",3391
"NSW",137,"NSYD","North Sydney","","Informal",4623
"NSW",137,"NSYD","North Sydney","CDP","MARTIN",1894
"NSW",137,"NSYD","North Sydney","GRN","CHESTERFIELD-EVANS",12036
"NSW",137,"NSYD","North Sydney","LP","ZIMMERMAN",47614
"NSW",137,"NSYD","North Sydney","ALP","HAYES",15537
"NSW",137,"NSYD","North Sydney","LDP","LEAHY",1289
"NSW",137,"NSYD","North Sydney","FUT","COFFEY",1629
"NSW",137,"NSYD","North Sydney","FFP","KU",649
"NSW",137,"NSYD","North Sydney","IND","RUFF",11829
"NSW",138,"PAGE","Page","GRN","FALLA-RICKETTS",11649
"NSW",138,"PAGE","Page","ALP","SAFFIN",36471
"NSW",138,"PAGE","Page","LDP","ELLIS",4199
"NSW",138,"PAGE","Page","AJP","LUDVIK",2984
"NSW",138,"PAGE","Page","NP","HOGAN",46327
"NSW",138,"PAGE","Page","","Informal",4181
"NSW",138,"PAGE","Page","CDP","MCALPINE",2982
"NSW",139,"PARK","Parkes","","Informal",5170
"NSW",139,"PARK","Parkes","CDP","RYAN",3950
"NSW",139,"PARK","Parkes","GRN","PARMETER",5851
"NSW",139,"PARK","Parkes","ALP","STEWART",26728
"NSW",139,"PARK","Parkes","SOL","AYTON",2149
"NSW",139,"PARK","Parkes","NP","COULTON",54869
"NSW",140,"PARR","Parramatta","","Informal",8367
"NSW",140,"PARR","Parramatta","IND","RAJ",2048
"NSW",140,"PARR","Parramatta","LP","BECKWITH",28194
"NSW",140,"PARR","Parramatta","GRN","BRADLEY",5640
"NSW",140,"PARR","Parramatta","CDP","PIPER",4347
"NSW",140,"PARR","Parramatta","ALP","OWENS",38109
"NSW",140,"PARR","Parramatta","LDP","GUEST",2013
"NSW",140,"PARR","Parramatta","FFP","WU",1202
"NSW",140,"PARR","Parramatta","SOL","DRIESSEN",469
"NSW",249,"PATE","Paterson","CEC","DAVIS",533
"NSW",249,"PATE","Paterson","","Informal",5143
"NSW",249,"PATE","Paterson","RUA","CLARE",1007
"NSW",249,"PATE","Paterson","CDP","ARENA",2058
"NSW",249,"PATE","Paterson","LP","HOWARD",31527
"NSW",249,"PATE","Paterson","GRN","BROWN",5797
"NSW",249,"PATE","Paterson","ON","BURSTON",13056
"NSW",249,"PATE","Paterson","ALP","SWANSON",46090
"NSW",144,"REID","Reid","","Informal",4748
"NSW",144,"REID","Reid","CDP","KANG",3713
"NSW",144,"REID","Reid","GRN","MANTEL",7673
"NSW",144,"REID","Reid","LP","LAUNDY",44212
"NSW",144,"REID","Reid","ALP","TSIREKAS",32918
"NSW",144,"REID","Reid","FFP","CARTER",2081
"NSW",145,"RICH","Richmond","","Informal",3748
"NSW",145,"RICH","Richmond","ON","SMITH",6160
"NSW",145,"RICH","Richmond","GRN","WALKER",20108
"NSW",145,"RICH","Richmond","CDP","KILARNEY",1484
"NSW",145,"RICH","Richmond","ALP","ELLIOT",30551
"NSW",145,"RICH","Richmond","AJP","POLLARD",3089
"NSW",145,"RICH","Richmond","NP","FRASER",37006
"NSW",250,"RIVE","Riverina","IND","FOLEY",6058
"NSW",250,"RIVE","Riverina","","Informal",4784
"NSW",250,"RIVE","Riverina","GRN","POYNTER",4444
"NSW",250,"RIVE","Riverina","CDP","LANGFIELD",3207
"NSW",250,"RIVE","Riverina","NP","McCORMACK",56581
"NSW",250,"RIVE","Riverina","ALP","KURYLOWICZ",25244
"NSW",250,"RIVE","Riverina","FFP","O'ROURKE",3386
"NSW",146,"ROBE","Robertson","","Informal",5042
"NSW",146,"ROBE","Robertson","IND","DAVY",2726
"NSW",146,"ROBE","Robertson","CDP","STODDART",2539
"NSW",146,"ROBE","Robertson","GRN","MORRIS",7954
"NSW",146,"ROBE","Robertson","LP","WICKS",42573
"NSW",146,"ROBE","Robertson","ALP","CHARLTON",36611
"NSW",146,"ROBE","Robertson","LDP","CRAIG",1347
"NSW",146,"ROBE","Robertson","AAPP","HIGGINS",1527
"NSW",148,"SHOR","Shortland","","Informal",4845
"NSW",148,"SHOR","Shortland","CDP","COX",4081
"NSW",148,"SHOR","Shortland","LP","BARRIE",34514
"NSW",148,"SHOR","Shortland","GRN","MACFADYEN",9279
"NSW",148,"SHOR","Shortland","ALP","CONROY",50164
"NSW",149,"SYDN","Sydney","","Informal",5603
"NSW",149,"SYDN","Sydney","SAL","BOYLE",500
"NSW",149,"SYDN","Sydney","GRN","ELLSMORE",16537
"NSW",149,"SYDN","Sydney","LP","WINTERS",25622
"NSW",149,"SYDN","Sydney","CDP","FALANGA",1489
"NSW",149,"SYDN","Sydney","ALP","PLIBERSEK",38449
"NSW",149,"SYDN","Sydney","SOL","TZORAS",383
"NSW",149,"SYDN","Sydney","FUT","GEISER",1361
"NSW",149,"SYDN","Sydney","SPP","SPIKE",606
"NSW",149,"SYDN","Sydney","AJP","BERRIMAN",1497
"NSW",149,"SYDN","Sydney","ASXP","LANNING",1456
"NSW",151,"WARR","Warringah","","Informal",5611
"NSW",151,"WARR","Warringah","IND","BARROW",253
"NSW",151,"WARR","Warringah","ARTS","CAPLICE",669
"NSW",151,"WARR","Warringah","XEN","ROWLAND",5506
"NSW",151,"WARR","Warringah","CDP","SCIFO",1039
"NSW",151,"WARR","Warringah","GRN","WILLIAMS ROLDAN",10565
"NSW",151,"WARR","Warringah","LP","ABBOTT",44759
"NSW",151,"WARR","Warringah","ALP","WOODWARD",12820
"NSW",151,"WARR","Warringah","FUT","GIORDANO",800
"NSW",151,"WARR","Warringah","IND","BACKHOUSE",368
"NSW",151,"WARR","Warringah","IND","MATHISON",9887
"NSW",251,"WATS","Watson","","Informal",9924
"NSW",251,"WATS","Watson","CDP","ABDULLA",7957
"NSW",251,"WATS","Watson","GRN","BLOCH",5555
"NSW",251,"WATS","Watson","ALP","BURKE",46105
"NSW",251,"WATS","Watson","LP","ZAMAN",21133
"NSW",251,"WATS","Watson","FUT","GORDON",1611
"NSW",251,"WATS","Watson","SOL","GERAN",875
"NSW",152,"WENT","Wentworth","","Informal",4549
"NSW",152,"WENT","Wentworth","ARTS","ACKROYD",1478
"NSW",152,"WENT","Wentworth","IND","AUSSIE-STONE",390
"NSW",152,"WENT","Wentworth","IND","ALLEN",573
"NSW",152,"WENT","Wentworth","CDP","THOMAS",901
"NSW",152,"WENT","Wentworth","GRN","TOBOREK",12496
"NSW",152,"WENT","Wentworth","LP","TURNBULL",52353
"NSW",152,"WENT","Wentworth","ALP","HUGHES",14913
"NSW",152,"WENT","Wentworth","FUT","XING",988
"NSW",153,"WERR","Werriwa","","Informal",8581
"NSW",153,"WERR","Werriwa","CDP","EDWARDS",5986
"NSW",153,"WERR","Werriwa","GRN","WESTERBERG",4109
"NSW",153,"WERR","Werriwa","LP","MANNOUN",32670
"NSW",153,"WERR","Werriwa","ALP","STANLEY",46596
"NSW",150,"WHIT","Whitlam","","Informal",5628
"NSW",150,"WHIT","Whitlam","NCP","HARTMAN",2081
"NSW",150,"WHIT","Whitlam","CDP","PINSUTI",4048
"NSW",150,"WHIT","Whitlam","GRN","HUNT",8162
"NSW",150,"WHIT","Whitlam","LP","HEWITT",25870
"NSW",150,"WHIT","Whitlam","ALP","JONES",51939
"NSW",150,"WHIT","Whitlam","NP","MANDELSON",6341
"NT",306,"LING","Lingiari","","Informal",3826
"NT",306,"LING","Lingiari","IND","GARNER",71
"NT",306,"LING","Lingiari","IND","GOULD",427
"NT",306,"LING","Lingiari","IND","GUYULA",1854
"NT",306,"LING","Lingiari","IND","EARLEY",1808
"NT",306,"LING","Lingiari","CLP","CLP_LING",14420
"NT",306,"LING","Lingiari","ALP","ALP_LING",17982
"NT",306,"LING","Lingiari","ASP","ASP_LING",3162
"NT",306,"LING","Lingiari","GRN","GRN_LING",3501
"NT",306,"LING","Lingiari","HMP","HMP_LING",54
"NT",306,"LING","Lingiari","CEC","CEC_LING",269
"NT",306,"LING","Lingiari","AFN","AFN_LING",44
"NT",306,"LING","Lingiari","LDP","LDP_LING",73
"NT",306,"LING","Lingiari","RUA","RUA_LING",1548
"NT",306,"LING","Lingiari","SOL","SOL_LING",15
"NT",307,"SOLO","Solomon","IND","GARNER",1573
"NT",307,"SOLO","Solomon","","Informal",3904
"NT",307,"SOLO","Solomon","CLP","CLP_SOLO",17989
"NT",307,"SOLO","Solomon","ALP","ALP_SOLO",21382
"NT",307,"SOLO","Solomon","ASP","ASP_SOLO",1422
"NT",307,"SOLO","Solomon","GRN","GRN_SOLO",5357
"NT",307,"SOLO","Solomon","HMP","HMP_SOLO",1089
"NT",307,"SOLO","Solomon","CEC","CEC_SOLO",175
"NT",307,"SOLO","Solomon","AFN","AFN_SOLO",754
"NT",307,"SOLO","Solomon","LDP","LDP_SOLO",1202
"NT",307,"SOLO","Solomon","RUA","RUA_SOLO",935
"NT",307,"SOLO","Solomon","SOL","SOL_SOLO",354
"QLD",304,"BLAI","Blair","IND","EMMS",744
"QLD",304,"BLAI","Blair","","Informal",5253
"QLD",304,"BLAI","Blair","IND","TURNER",1913
"QLD",304,"BLAI","Blair","IND","PETERSEN",1439
"QLD",304,"BLAI","Blair","DLP","DLP_BLAI",110
"QLD",304,"BLAI","Blair","ALP","ALP_BLAI",36580
"QLD",304,"BLAI","Blair","ON","ON_BLAI",13273
"QLD",304,"BLAI","Blair","GRN","GRN_BLAI",5983
"QLD",304,"BLAI","Blair","LDP","LDP_BLAI",121
"QLD",304,"BLAI","Blair","FFP","FFP_BLAI",2565
"QLD",304,"BLAI","Blair","LNP","LNP_BLAI",26383
"QLD",310,"BONN","Bonner","IND","WIRTH",2396
"QLD",310,"BONN","Bonner","","Informal",2838
"QLD",310,"BONN","Bonner","ALP","FRASER HARDY",31344
"QLD",310,"BONN","Bonner","LNP","VASTA",41756
"QLD",310,"BONN","Bonner","FFP","BROUGHTON",3157
"QLD",310,"BONN","Bonner","GRN","AUSTIN",8518
"QLD",310,"BONN","Bonner","LDP","LINNEY",2738
"QLD",155,"BOWM","Bowman","","Informal",3654
"QLD",155,"BOWM","Bowman","LNP","LAMING",45946
"QLD",155,"BOWM","Bowman","ALP","RICHARDS",29592
"QLD",155,"BOWM","Bowman","GRN","SCOTT",9012
"QLD",155,"BOWM","Bowman","FFP","SAUNDERS",4459
"QLD",155,"BOWM","Bowman","ALA","DUNCAN",3316
"QLD",156,"BRIS","Brisbane","","Informal",2240
"QLD",156,"BRIS","Brisbane","ALP","ALP_BRIS",23794
"QLD",156,"BRIS","Brisbane","GRN","GRN_BRIS",17843
"QLD",156,"BRIS","Brisbane","FFP","FFP_BRIS",1552
"QLD",156,"BRIS","Brisbane","LDP","LDP_BRIS",1912
"QLD",156,"BRIS","Brisbane","LNP","LNP_BRIS",45856
"QLD",156,"BRIS","Brisbane","ADVP","ADVP_BRIS",886
"QLD",157,"CAPR","Capricornia","","Informal",3297
"QLD",157,"CAPR","Capricornia","IND","LARGE",46
"QLD",157,"CAPR","Capricornia","IND","MURRAY",4312
"QLD",157,"CAPR","Capricornia","ALP","ALP_CAPR",33907
"QLD",157,"CAPR","Capricornia","GRN","GRN_CAPR",4201
"QLD",157,"CAPR","Capricornia","FFP","FFP_CAPR",4580
"QLD",157,"CAPR","Capricornia","LNP","LNP_CAPR",35680
"QLD",157,"CAPR","Capricornia","KAP","KAP_CAPR",6298
"QLD",157,"CAPR","Capricornia","GLT","GLT_CAPR",42
"QLD",158,"DAWS","Dawson","","Informal",4254
"QLD",158,"DAWS","Dawson","IND","LARGE",4138
"QLD",158,"DAWS","Dawson","ALP","ALP_DAWS",29280
"QLD",158,"DAWS","Dawson","GRN","GRN_DAWS",4617
"QLD",158,"DAWS","Dawson","FFP","FFP_DAWS",3370
"QLD",158,"DAWS","Dawson","LNP","LNP_DAWS",38104
"QLD",158,"DAWS","Dawson","KAP","KAP_DAWS",5847
"QLD",158,"DAWS","Dawson","GLT","GLT_DAWS",4033
"QLD",252,"DICK","Dickson","IND","PROHASKA",3217
"QLD",252,"DICK","Dickson","","Informal",3268
"QLD",252,"DICK","Dickson","DLP","DLP_DICK",0
"QLD",252,"DICK","Dickson","ALP","ALP_DICK",33055
"QLD",252,"DICK","Dickson","FFP","FFP_DICK",4000
"QLD",252,"DICK","Dickson","GRN","GRN_DICK",9301
"QLD",252,"DICK","Dickson","LNP","LNP_DICK",42222
"QLD",252,"DICK","Dickson","LDP","LDP_DICK",2666
"QLD",159,"FADD","Fadden","","Informal",4048
"QLD",159,"FADD","Fadden","ALP","ALP_FADD",22371
"QLD",159,"FADD","Fadden","GRN","GRN_FADD",6548
"QLD",159,"FADD","Fadden","ON","ON_FADD",10306
"QLD",159,"FADD","Fadden","FFP","FFP_FADD",3298
"QLD",159,"FADD","Fadden","LNP","LNP_FADD",42506
"QLD",159,"FADD","Fadden","ADVP","ADVP_FADD",1035
"QLD",160,"FAIR","Fairfax","","Informal",5909
"QLD",160,"FAIR","Fairfax","IND","CAMPBELL",2752
"QLD",160,"FAIR","Fairfax","IND","DICKSON",1900
"QLD",160,"FAIR","Fairfax","ALP","ALP_FAIR",18314
"QLD",160,"FAIR","Fairfax","GRN","GRN_FAIR",11233
"QLD",160,"FAIR","Fairfax","ON","ON_FAIR",8590
"QLD",160,"FAIR","Fairfax","FFP","FFP_FAIR",2328
"QLD",160,"FAIR","Fairfax","LNP","LNP_FAIR",43044
"QLD",160,"FAIR","Fairfax","SOL","SOL_FAIR",596
"QLD",161,"FISH","Fisher","","Informal",6394
"QLD",161,"FISH","Fisher","IND","CAMPBELL",134
"QLD",161,"FISH","Fisher","IND","JESSOP",2906
"QLD",161,"FISH","Fisher","IND","DICKSON",85
"QLD",161,"FISH","Fisher","ALP","ALP_FISH",21410
"QLD",161,"FISH","Fisher","GRN","GRN_FISH",10763
"QLD",161,"FISH","Fisher","ON","ON_FISH",416
"QLD",161,"FISH","Fisher","FFP","FFP_FISH",3048
"QLD",161,"FISH","Fisher","LNP","LNP_FISH",42167
"QLD",161,"FISH","Fisher","SOL","SOL_FISH",466
"QLD",161,"FISH","Fisher","RUA","RUA_FISH",2210
"QLD",161,"FISH","Fisher","ADVP","ADVP_FISH",914
"QLD",161,"FISH","Fisher","ALA","ALA_FISH",2952
"QLD",311,"FLYN","Flynn","","Informal",5755
"QLD",311,"FLYN","Flynn","IND","FLETCHER",1927
"QLD",311,"FLYN","Flynn","IND","SCOTT",864
"QLD",311,"FLYN","Flynn","IND","PUKU",483
"QLD",311,"FLYN","Flynn","IND","MURRAY",0
"QLD",311,"FLYN","Flynn","GRN","GRN_FLYN",2416
"QLD",311,"FLYN","Flynn","ALP","ALP_FLYN",29094
"QLD",311,"FLYN","Flynn","FFP","FFP_FLYN",2173
"QLD",311,"FLYN","Flynn","ON","ON_FLYN",14948
"QLD",311,"FLYN","Flynn","KAP","KAP_FLYN",2948
"QLD",311,"FLYN","Flynn","LNP","LNP_FLYN",32293
"QLD",162,"FORD","Forde","","Informal",4486
"QLD",162,"FORD","Forde","IND","WILKS",5242
"QLD",162,"FORD","Forde","LNP","van MANEN",34096
"QLD",162,"FORD","Forde","ALP","HARDMAN",31587
"QLD",162,"FORD","Forde","FFP","HELLBERG",4687
"QLD",162,"FORD","Forde","GRN","SPAIN",5393
"QLD",162,"FORD","Forde","ALA","SPAIN",2905
"QLD",163,"GRIF","Griffith","","Informal",3712
"QLD",163,"GRIF","Griffith","IND","BOELE",1376
"QLD",163,"GRIF","Griffith","ALP","ALP_GRIF",28983
"QLD",163,"GRIF","Griffith","GRN","GRN_GRIF",14859
"QLD",163,"GRIF","Griffith","FFP","FFP_GRIF",1347
"QLD",163,"GRIF","Griffith","LDP","LDP_GRIF",1786
"QLD",163,"GRIF","Griffith","LNP","LNP_GRIF",36030
"QLD",163,"GRIF","Griffith","ALA","ALA_GRIF",1413
"QLD",163,"GRIF","Griffith","DRF","DRF_GRIF",1699
"QLD",164,"GROO","Groom","","Informal",3380
"QLD",164,"GROO","Groom","LNP","McVEIGH",49270
"QLD",164,"GROO","Groom","ALP","HERBERTSON",20259
"QLD",164,"GROO","Groom","XEN","TOWNSEND",6960
"QLD",164,"GROO","Groom","FFP","SANDS",9140
"QLD",164,"GROO","Groom","GRN","van GEUNS",5618
"QLD",165,"HERB","Herbert","","Informal",6525
"QLD",165,"HERB","Herbert","ALP","ALP_HERB",26900
"QLD",165,"HERB","Herbert","GRN","GRN_HERB",5533
"QLD",165,"HERB","Herbert","ON","ON_HERB",11950
"QLD",165,"HERB","Herbert","FFP","FFP_HERB",3175
"QLD",165,"HERB","Herbert","LDP","LDP_HERB",1096
"QLD",165,"HERB","Herbert","LNP","LNP_HERB",31361
"QLD",165,"HERB","Herbert","KAP","KAP_HERB",6070
"QLD",165,"HERB","Herbert","PUP","PUP_HERB",315
"QLD",165,"HERB","Herbert","GLT","GLT_HERB",1937
"QLD",166,"HINK","Hinkler","","Informal",4305
"QLD",166,"HINK","Hinkler","IND","FOSTER",1720
"QLD",166,"HINK","Hinkler","ALP","ALP_HINK",23911
"QLD",166,"HINK","Hinkler","GRN","GRN_HINK",3540
"QLD",166,"HINK","Hinkler","ON","ON_HINK",17162
"QLD",166,"HINK","Hinkler","FFP","FFP_HINK",2281
"QLD",166,"HINK","Hinkler","LNP","LNP_HINK",39233
"QLD",166,"HINK","Hinkler","KAP","KAP_HINK",24
"QLD",166,"HINK","Hinkler","ALA","ALA_HINK",1670
"QLD",166,"HINK","Hinkler","GLT","GLT_HINK",46
"QLD",167,"KENN","Kennedy","","Informal",3736
"QLD",167,"KENN","Kennedy","IND","McCARTHY",268
"QLD",167,"KENN","Kennedy","IND","NEWIE",27
"QLD",167,"KENN","Kennedy","ALP","ALP_KENN",17565
"QLD",167,"KENN","Kennedy","GRN","GRN_KENN",4455
"QLD",167,"KENN","Kennedy","ON","ON_KENN",375
"QLD",167,"KENN","Kennedy","FFP","FFP_KENN",3341
"QLD",167,"KENN","Kennedy","LNP","LNP_KENN",29284
"QLD",167,"KENN","Kennedy","RUA","RUA_KENN",64
"QLD",167,"KENN","Kennedy","KAP","KAP_KENN",34482
"QLD",168,"LEIC","Leichhardt","","Informal",6694
"QLD",168,"LEIC","Leichhardt","IND","McCARTHY",5828
"QLD",168,"LEIC","Leichhardt","IND","NEWIE",667
"QLD",168,"LEIC","Leichhardt","ALP","ALP_LEIC",23854
"QLD",168,"LEIC","Leichhardt","GRN","GRN_LEIC",7460
"QLD",168,"LEIC","Leichhardt","ON","ON_LEIC",6400
"QLD",168,"LEIC","Leichhardt","FFP","FFP_LEIC",2150
"QLD",168,"LEIC","Leichhardt","LNP","LNP_LEIC",33588
"QLD",168,"LEIC","Leichhardt","RUA","RUA_LEIC",1375
"QLD",168,"LEIC","Leichhardt","KAP","KAP_LEIC",3635
"QLD",169,"LILL","Lilley","","Informal",2800
"QLD",169,"LILL","Lilley","ALP","ALP_LILL",40533
"QLD",169,"LILL","Lilley","GRN","GRN_LILL",10807
"QLD",169,"LILL","Lilley","FFP","FFP_LILL",3320
"QLD",169,"LILL","Lilley","LDP","LDP_LILL",2125
"QLD",169,"LILL","Lilley","LNP","LNP_LILL",35843
"QLD",302,"LONG","Longman","","WELLS",830
"QLD",302,"LONG","Longman","","Informal",8217
"QLD",302,"LONG","Longman","DRF","McDONALD",2677
"QLD",302,"LONG","Longman","LNP","ROY",34359
"QLD",302,"LONG","Longman","ARTS","BECK",228
"QLD",302,"LONG","Longman","IND","LAW",945
"QLD",302,"LONG","Longman","FFP","SMITH",3002
"QLD",302,"LONG","Longman","ALP","LAMB",31161
"QLD",302,"LONG","Longman","GRN","BELL",3865
"QLD",302,"LONG","Longman","ON","PEDERSEN",8293
"QLD",302,"LONG","Longman","IND","RIDDELL",1111
"QLD",302,"LONG","Longman","KAP","KENNEDY",1597
"QLD",170,"MARA","Maranoa","","Informal",5269
"QLD",170,"MARA","Maranoa","LNP","LITTLEPROUD",44297
"QLD",170,"MARA","Maranoa","ALP","KERRIGAN",16456
"QLD",170,"MARA","Maranoa","RUA","CHURCH",841
"QLD",170,"MARA","Maranoa","GRN","HOMPES",3056
"QLD",170,"MARA","Maranoa","FFP","SCHENK",2905
"QLD",170,"MARA","Maranoa","ON","KEEHN",16047
"QLD",170,"MARA","Maranoa","KAP","GURNETT",4306
"QLD",170,"MARA","Maranoa","CM","ARBUCKLE",2141
"QLD",171,"MCPH","McPherson","","Informal",4151
"QLD",171,"MCPH","McPherson","IND","JONES",3850
"QLD",171,"MCPH","McPherson","LNP","ANDREWS",47284
"QLD",171,"MCPH","McPherson","ALP","GADD",23069
"QLD",171,"MCPH","McPherson","FFP","GREEN",5404
"QLD",171,"MCPH","McPherson","GRN","BURGOYNE",9119
"QLD",172,"MONC","Moncrieff","","Informal",4206
"QLD",172,"MONC","Moncrieff","ALP","ALP_MONC",21954
"QLD",172,"MONC","Moncrieff","GRN","GRN_MONC",9020
"QLD",172,"MONC","Moncrieff","ON","ON_MONC",387
"QLD",172,"MONC","Moncrieff","FFP","FFP_MONC",5771
"QLD",172,"MONC","Moncrieff","LNP","LNP_MONC",52119
"QLD",172,"MONC","Moncrieff","ADVP","ADVP_MONC",48
"QLD",173,"MORE","Moreton","","Informal",3750
"QLD",173,"MORE","Moreton","IND","BOELE",87
"QLD",173,"MORE","Moreton","ALP","ALP_MORE",32128
"QLD",173,"MORE","Moreton","GRN","GRN_MORE",11379
"QLD",173,"MORE","Moreton","FFP","FFP_MORE",2525
"QLD",173,"MORE","Moreton","LDP","LDP_MORE",2813
"QLD",173,"MORE","Moreton","LNP","LNP_MORE",33075
"QLD",173,"MORE","Moreton","KAP","KAP_MORE",1295
"QLD",173,"MORE","Moreton","ALA","ALA_MORE",64
"QLD",173,"MORE","Moreton","DRF","DRF_MORE",90
"QLD",173,"MORE","Moreton","XEN","XEN_MORE",3961
"QLD",174,"OXLE","Oxley","KAP","KAP_OXLE",1170
"QLD",174,"OXLE","Oxley","XEN","XEN_OXLE",111
"QLD",174,"OXLE","Oxley","","Informal",3559
"QLD",174,"OXLE","Oxley","ALP","ALP_OXLE",39173
"QLD",174,"OXLE","Oxley","GRN","GRN_OXLE",7588
"QLD",174,"OXLE","Oxley","ON","ON_OXLE",7023
"QLD",174,"OXLE","Oxley","FFP","FFP_OXLE",2793
"QLD",174,"OXLE","Oxley","LDP","LDP_OXLE",64
"QLD",174,"OXLE","Oxley","LNP","LNP_OXLE",27457
"QLD",175,"PETR","Petrie","","Informal",3886
"QLD",175,"PETR","Petrie","LNP","HOWARTH",41475
"QLD",175,"PETR","Petrie","ALP","PEDERSEN",35616
"QLD",175,"PETR","Petrie","FFP","WHITE",4746
"QLD",175,"PETR","Petrie","GRN","WEBER",6840
"QLD",175,"PETR","Petrie","LDP","BUCKLEY",2877
"QLD",175,"PETR","Petrie","ARTS","TYRRELL",1239
"QLD",176,"RANK","Rankin","","Informal",5225
"QLD",176,"RANK","Rankin","LNP","OSTAPOVITCH",24455
"QLD",176,"RANK","Rankin","CRNT","HODGES",2050
"QLD",176,"RANK","Rankin","ALP","CHALMERS",42147
"QLD",176,"RANK","Rankin","FFP","LAWRIE",5011
"QLD",176,"RANK","Rankin","LDP","DAVIES",3513
"QLD",176,"RANK","Rankin","GRN","COTTER",5373
"QLD",176,"RANK","Rankin","KAP","HOLLEY",2874
"QLD",177,"RYAN","Ryan","","Informal",2250
"QLD",177,"RYAN","Ryan","ALP","ALP_RYAN",21411
"QLD",177,"RYAN","Ryan","DLP","DLP_RYAN",1456
"QLD",177,"RYAN","Ryan","GRN","GRN_RYAN",17486
"QLD",177,"RYAN","Ryan","FFP","FFP_RYAN",2276
"QLD",177,"RYAN","Ryan","LDP","LDP_RYAN",1975
"QLD",177,"RYAN","Ryan","LNP","LNP_RYAN",48588
"QLD",177,"RYAN","Ryan","ADVP","ADVP_RYAN",29
"QLD",178,"WBAY","Wide Bay","","Informal",4681
"QLD",178,"WBAY","Wide Bay","ALP","ALP_WBAY",20068
"QLD",178,"WBAY","Wide Bay","GRN","GRN_WBAY",7292
"QLD",178,"WBAY","Wide Bay","ON","ON_WBAY",13847
"QLD",178,"WBAY","Wide Bay","FFP","FFP_WBAY",2368
"QLD",178,"WBAY","Wide Bay","LNP","LNP_WBAY",39027
"QLD",178,"WBAY","Wide Bay","KAP","KAP_WBAY",2333
"QLD",178,"WBAY","Wide Bay","GLT","GLT_WBAY",4036
"QLD",316,"WRIG","Wright","LNP","BUCHHOLZ",36935
"QLD",316,"WRIG","Wright","","Informal",3980
"QLD",316,"WRIG","Wright","ALP","SMITH",20110
"QLD",316,"WRIG","Wright","MAP","COX",902
"QLD",316,"WRIG","Wright","FFP","AUSTIN",3163
"QLD",316,"WRIG","Wright","GRN","AGNOLETTO",6768
"QLD",316,"WRIG","Wright","LDP","STONE",1979
"QLD",316,"WRIG","Wright","ON","SMITH",18461
"SA",179,"ADEL","Adelaide","","Informal",4136
"SA",179,"ADEL","Adelaide","ALP","ALP_ADEL",39982
"SA",179,"ADEL","Adelaide","LP","LP_ADEL",33324
"SA",179,"ADEL","Adelaide","CDP","CDP_ADEL",161
"SA",179,"ADEL","Adelaide","GRN","GRN_ADEL",10203
"SA",179,"ADEL","Adelaide","FFP","FFP_ADEL",2278
"SA",179,"ADEL","Adelaide","LDP","LDP_ADEL",844
"SA",179,"ADEL","Adelaide","AJP","AJP_ADEL",1508
"SA",179,"ADEL","Adelaide","XEN","XEN_ADEL",14041
"SA",180,"BARK","Barker","","Informal",4661
"SA",180,"BARK","Barker","IND","BOLTON",204
"SA",180,"BARK","Barker","ALP","ALP_BARK",17087
"SA",180,"BARK","Barker","LP","LP_BARK",47637
"SA",180,"BARK","Barker","CDP","CDP_BARK",51
"SA",180,"BARK","Barker","GRN","GRN_BARK",3779
"SA",180,"BARK","Barker","FFP","FFP_BARK",5938
"SA",180,"BARK","Barker","LDP","LDP_BARK",16
"SA",180,"BARK","Barker","XEN","XEN_BARK",29907
"SA",182,"BOOT","Boothby","","Informal",4674
"SA",182,"BOOT","Boothby","IND","AITCHISON",0
"SA",182,"BOOT","Boothby","IND","DE JONGE",312
"SA",182,"BOOT","Boothby","IND","ARMFIELD",519
"SA",182,"BOOT","Boothby","ALP","ALP_BOOT",29041
"SA",182,"BOOT","Boothby","LP","LP_BOOT",44954
"SA",182,"BOOT","Boothby","CDP","CDP_BOOT",126
"SA",182,"BOOT","Boothby","GRN","GRN_BOOT",8818
"SA",182,"BOOT","Boothby","FFP","FFP_BOOT",2503
"SA",182,"BOOT","Boothby","LDP","LDP_BOOT",44
"SA",182,"BOOT","Boothby","AJP","AJP_BOOT",1543
"SA",182,"BOOT","Boothby","XEN","XEN_BOOT",19971
"SA",183,"GREY","Grey","","Informal",4402
"SA",183,"GREY","Grey","IND","GOURLAY",1144
"SA",183,"GREY","Grey","IND","BOLTON",426
"SA",183,"GREY","Grey","ALP","ALP_GREY",23778
"SA",183,"GREY","Grey","LP","LP_GREY",44424
"SA",183,"GREY","Grey","CDP","CDP_GREY",93
"SA",183,"GREY","Grey","GRN","GRN_GREY",2829
"SA",183,"GREY","Grey","FFP","FFP_GREY",4539
"SA",183,"GREY","Grey","XEN","XEN_GREY",28136
"SA",185,"HIND","Hindmarsh","","Informal",5173
"SA",185,"HIND","Hindmarsh","ALP","ALP_HIND",41516
"SA",185,"HIND","Hindmarsh","LP","LP_HIND",32492
"SA",185,"HIND","Hindmarsh","CDP","CDP_HIND",553
"SA",185,"HIND","Hindmarsh","GRN","GRN_HIND",6852
"SA",185,"HIND","Hindmarsh","FFP","FFP_HIND",2923
"SA",185,"HIND","Hindmarsh","AJP","AJP_HIND",1842
"SA",185,"HIND","Hindmarsh","XEN","XEN_HIND",17638
"SA",186,"KING","Kingston","","Informal",4106
"SA",186,"KING","Kingston","IND","DE JONGE",106
"SA",186,"KING","Kingston","IND","ARMFIELD",117
"SA",186,"KING","Kingston","ALP","ALP_KING",46334
"SA",186,"KING","Kingston","LP","LP_KING",26678
"SA",186,"KING","Kingston","GRN","GRN_KING",5963
"SA",186,"KING","Kingston","FFP","FFP_KING",4232
"SA",186,"KING","Kingston","LDP","LDP_KING",22
"SA",186,"KING","Kingston","AJP","AJP_KING",265
"SA",186,"KING","Kingston","XEN","XEN_KING",18435
"SA",187,"MAKI","Makin","","Informal",5031
"SA",187,"MAKI","Makin","IND","ALDRIDGE",2126
"SA",187,"MAKI","Makin","ALP","ALP_MAKI",44355
"SA",187,"MAKI","Makin","LP","LP_MAKI",28518
"SA",187,"MAKI","Makin","CDP","CDP_MAKI",74
"SA",187,"MAKI","Makin","GRN","GRN_MAKI",4887
"SA",187,"MAKI","Makin","FFP","FFP_MAKI",4855
"SA",187,"MAKI","Makin","AJP","AJP_MAKI",1684
"SA",187,"MAKI","Makin","XEN","XEN_MAKI",17371
"SA",188,"MAYO","Mayo","","Informal",3262
"SA",188,"MAYO","Mayo","IND","DE JONGE",20
"SA",188,"MAYO","Mayo","IND","ARMFIELD",28
"SA",188,"MAYO","Mayo","ALP","ALP_MAYO",17674
"SA",188,"MAYO","Mayo","LP","LP_MAYO",38782
"SA",188,"MAYO","Mayo","GRN","GRN_MAYO",8626
"SA",188,"MAYO","Mayo","FFP","FFP_MAYO",4748
"SA",188,"MAYO","Mayo","LDP","LDP_MAYO",1099
"SA",188,"MAYO","Mayo","AJP","AJP_MAYO",70
"SA",188,"MAYO","Mayo","XEN","XEN_MAYO",34863
"SA",325,"SPEN","Spence","IND","ALDRIDGE",0
"SA",325,"SPEN","Spence","","Informal",5908
"SA",325,"SPEN","Spence","ALP","ALP_SPEN",43000
"SA",325,"SPEN","Spence","IND","BOLTON",2098
"SA",325,"SPEN","Spence","CDP","CDP_SPEN",657
"SA",325,"SPEN","Spence","LP","LP_SPEN",19708
"SA",325,"SPEN","Spence","FFP","FFP_SPEN",5734
"SA",325,"SPEN","Spence","GRN","GRN_SPEN",4344
"SA",325,"SPEN","Spence","AJP","AJP_SPEN",581
"SA",325,"SPEN","Spence","LDP","LDP_SPEN",0
"SA",325,"SPEN","Spence","XEN","XEN_SPEN",19078
"SA",190,"STUR","Sturt","","Informal",4083
"SA",190,"STUR","Sturt","IND","AITCHISON",637
"SA",190,"STUR","Sturt","ALP","ALP_STUR",25548
"SA",190,"STUR","Sturt","LP","LP_STUR",48638
"SA",190,"STUR","Sturt","GRN","GRN_STUR",8303
"SA",190,"STUR","Sturt","FFP","FFP_STUR",3191
"SA",190,"STUR","Sturt","LDP","LDP_STUR",153
"SA",190,"STUR","Sturt","AJP","AJP_STUR",1388
"SA",190,"STUR","Sturt","XEN","XEN_STUR",21769
"TAS",192,"BASS","Bass","","Informal",2762
"TAS",192,"BASS","Bass","ALP","ALP_BASS",26496
"TAS",192,"BASS","Bass","LP","LP_BASS",26188
"TAS",192,"BASS","Bass","CDP","CDP_BASS",1773
"TAS",192,"BASS","Bass","GRN","GRN_BASS",7386
"TAS",192,"BASS","Bass","ARF","ARF_BASS",3320
"TAS",192,"BASS","Bass","REP","REP_BASS",1662
"TAS",193,"BRAD","Braddon","","Informal",3713
"TAS",193,"BRAD","Braddon","ALP","ALP_BRAD",27213
"TAS",193,"BRAD","Braddon","LP","LP_BRAD",28907
"TAS",193,"BRAD","Braddon","CDP","CDP_BRAD",1219
"TAS",193,"BRAD","Braddon","GRN","GRN_BRAD",4700
"TAS",193,"BRAD","Braddon","LDP","LDP_BRAD",1380
"TAS",193,"BRAD","Braddon","ARF","ARF_BRAD",3919
"TAS",193,"BRAD","Braddon","REP","REP_BRAD",1440
"TAS",319,"CLAR","Clark","","Informal",2004
"TAS",319,"CLAR","Clark","IND","WILKIE",29372
"TAS",319,"CLAR","Clark","ALP","ALP_CLAR",15357
"TAS",319,"CLAR","Clark","LP","LP_CLAR",13287
"TAS",319,"CLAR","Clark","CDP","CDP_CLAR",981
"TAS",319,"CLAR","Clark","DLP","DLP_CLAR",632
"TAS",319,"CLAR","Clark","GRN","GRN_CLAR",7079
"TAS",319,"CLAR","Clark","ARTS","ARTS_CLAR",2
"TAS",195,"FRAN","Franklin","","Informal",2338
"TAS",195,"FRAN","Franklin","ALP","ALP_FRAN",31005
"TAS",195,"FRAN","Franklin","LP","LP_FRAN",23311
"TAS",195,"FRAN","Franklin","CDP","CDP_FRAN",1312
"TAS",195,"FRAN","Franklin","GRN","GRN_FRAN",8956
"TAS",195,"FRAN","Franklin","ARTS","ARTS_FRAN",1599
"TAS",196,"LYON","Lyons","","Informal",3108
"TAS",196,"LYON","Lyons","ALP","ALP_LYON",27114
"TAS",196,"LYON","Lyons","LP","LP_LYON",27264
"TAS",196,"LYON","Lyons","CDP","CDP_LYON",1059
"TAS",196,"LYON","Lyons","GRN","GRN_LYON",6169
"TAS",196,"LYON","Lyons","ARTS","ARTS_LYON",72
"TAS",196,"LYON","Lyons","ARF","ARF_LYON",4015
"TAS",196,"LYON","Lyons","REP","REP_LYON",1432
"VIC",197,"ASTO","Aston","","Informal",4251
"VIC",197,"ASTO","Aston","IND","HUPPERT",2104
"VIC",197,"ASTO","Aston","ALP","ALP_ASTO",30034
"VIC",197,"ASTO","Aston","LP","LP_ASTO",47941
"VIC",197,"ASTO","Aston","GRN","GRN_ASTO",8730
"VIC",197,"ASTO","Aston","ASP","ASP_ASTO",195
"VIC",197,"ASTO","Aston","FFP","FFP_ASTO",3057
"VIC",197,"ASTO","Aston","LDP","LDP_ASTO",1362
"VIC",197,"ASTO","Aston","ASXP","ASXP_ASTO",349
"VIC",197,"ASTO","Aston","AJP","AJP_ASTO",2531
"VIC",197,"ASTO","Aston","RUA","RUA_ASTO",115
"VIC",197,"ASTO","Aston","DRF","DRF_ASTO",0
"VIC",197,"ASTO","Aston","REP","REP_ASTO",0
"VIC",197,"ASTO","Aston","DHJP","DHJP_ASTO",541
"VIC",198,"BALL","Ballarat","","Informal",5254
"VIC",198,"BALL","Ballarat","IND","ECKEL",1722
"VIC",198,"BALL","Ballarat","ALP","ALP_BALL",40699
"VIC",198,"BALL","Ballarat","LP","LP_BALL",32609
"VIC",198,"BALL","Ballarat","NP","NP_BALL",3963
"VIC",198,"BALL","Ballarat","GRN","GRN_BALL",10197
"VIC",198,"BALL","Ballarat","FFP","FFP_BALL",1807
"VIC",198,"BALL","Ballarat","RUA","RUA_BALL",1078
"VIC",198,"BALL","Ballarat","AUC","AUC_BALL",1939
"VIC",200,"BEND","Bendigo","","Informal",4575
"VIC",200,"BEND","Bendigo","IND","DONLON",1860
"VIC",200,"BEND","Bendigo","IND","SUMMER",0
"VIC",200,"BEND","Bendigo","IND","BOCK",0
"VIC",200,"BEND","Bendigo","IND","HICKS",0
"VIC",200,"BEND","Bendigo","IND","TEASDALE",0
"VIC",200,"BEND","Bendigo","IND","LEE",0
"VIC",200,"BEND","Bendigo","ALP","ALP_BEND",36400
"VIC",200,"BEND","Bendigo","LP","LP_BEND",35627
"VIC",200,"BEND","Bendigo","NP","NP_BEND",3458
"VIC",200,"BEND","Bendigo","GRN","GRN_BEND",10294
"VIC",200,"BEND","Bendigo","CEC","CEC_BEND",0
"VIC",200,"BEND","Bendigo","FFP","FFP_BEND",2671
"VIC",200,"BEND","Bendigo","AJP","AJP_BEND",2066
"VIC",200,"BEND","Bendigo","CYA","CYA_BEND",0
"VIC",200,"BEND","Bendigo","RUA","RUA_BEND",2019
"VIC",201,"BRUC","Bruce","","Informal",5190
"VIC",201,"BRUC","Bruce","IND","HUPPERT",0
"VIC",201,"BRUC","Bruce","ALP","ALP_BRUC",49850
"VIC",201,"BRUC","Bruce","LP","LP_BRUC",27903
"VIC",201,"BRUC","Bruce","GRN","GRN_BRUC",6017
"VIC",201,"BRUC","Bruce","ASP","ASP_BRUC",0
"VIC",201,"BRUC","Bruce","FFP","FFP_BRUC",3605
"VIC",201,"BRUC","Bruce","LDP","LDP_BRUC",0
"VIC",201,"BRUC","Bruce","ASXP","ASXP_BRUC",0
"VIC",201,"BRUC","Bruce","AJP","AJP_BRUC",1721
"VIC",201,"BRUC","Bruce","RUA","RUA_BRUC",1844
"VIC",201,"BRUC","Bruce","DRF","DRF_BRUC",711
"VIC",201,"BRUC","Bruce","REP","REP_BRUC",369
"VIC",201,"BRUC","Bruce","DHJP","DHJP_BRUC",0
"VIC",203,"CALW","Calwell","","Informal",5766
"VIC",203,"CALW","Calwell","IND","LAKKIS",2025
"VIC",203,"CALW","Calwell","IND","LEE",293
"VIC",203,"CALW","Calwell","ALP","ALP_CALW",45825
"VIC",203,"CALW","Calwell","LP","LP_CALW",20031
"VIC",203,"CALW","Calwell","NP","NP_CALW",169
"VIC",203,"CALW","Calwell","GRN","GRN_CALW",6257
"VIC",203,"CALW","Calwell","FFP","FFP_CALW",525
"VIC",203,"CALW","Calwell","AJP","AJP_CALW",2621
"VIC",203,"CALW","Calwell","CYA","CYA_CALW",152
"VIC",203,"CALW","Calwell","RUA","RUA_CALW",195
"VIC",204,"CASE","Casey","","Informal",4099
"VIC",204,"CASE","Casey","IND","McGOWAN",0
"VIC",204,"CASE","Casey","IND","LAPPIN",0
"VIC",204,"CASE","Casey","IND","DYER",0
"VIC",204,"CASE","Casey","IND","CHARLETON",2566
"VIC",204,"CASE","Casey","ALP","ALP_CASE",27543
"VIC",204,"CASE","Casey","LP","LP_CASE",46453
"VIC",204,"CASE","Casey","NP","NP_CASE",0
"VIC",204,"CASE","Casey","GRN","GRN_CASE",12542
"VIC",204,"CASE","Casey","ASP","ASP_CASE",244
"VIC",204,"CASE","Casey","FFP","FFP_CASE",362
"VIC",204,"CASE","Casey","LDP","LDP_CASE",202
"VIC",204,"CASE","Casey","ASXP","ASXP_CASE",486
"VIC",204,"CASE","Casey","AJP","AJP_CASE",4203
"VIC",204,"CASE","Casey","CYA","CYA_CASE",0
"VIC",204,"CASE","Casey","RUA","RUA_CASE",2397
"VIC",204,"CASE","Casey","AUC","AUC_CASE",0
"VIC",204,"CASE","Casey","DHJP","DHJP_CASE",705
"VIC",205,"CHIS","Chisholm","","Informal",2664
"VIC",205,"CHIS","Chisholm","ALP","ALP_CHIS",33060
"VIC",205,"CHIS","Chisholm","LP","LP_CHIS",44880
"VIC",205,"CHIS","Chisholm","GRN","GRN_CHIS",10995
"VIC",205,"CHIS","Chisholm","FFP","FFP_CHIS",2395
"VIC",205,"CHIS","Chisholm","AJP","AJP_CHIS",2023
"VIC",205,"CHIS","Chisholm","RUA","RUA_CHIS",1176
"VIC",205,"CHIS","Chisholm","AUC","AUC_CHIS",403
"VIC",205,"CHIS","Chisholm","DRF","DRF_CHIS",235
"VIC",205,"CHIS","Chisholm","REP","REP_CHIS",146
"VIC",320,"COOP","Cooper","","Informal",7269
"VIC",320,"COOP","Cooper","IND","GUARDIANI",445
"VIC",320,"COOP","Cooper","IND","SUTTON",1422
"VIC",320,"COOP","Cooper","IND","TIMPANO",44
"VIC",320,"COOP","Cooper","ALP","ALP_COOP",30809
"VIC",320,"COOP","Cooper","LP","LP_COOP",17317
"VIC",320,"COOP","Cooper","GRN","GRN_COOP",32237
"VIC",320,"COOP","Cooper","SEP","SEP_COOP",8
"VIC",320,"COOP","Cooper","FFP","FFP_COOP",0
"VIC",320,"COOP","Cooper","SAL","SAL_COOP",17
"VIC",320,"COOP","Cooper","ASXP","ASXP_COOP",2250
"VIC",320,"COOP","Cooper","AJP","AJP_COOP",1470
"VIC",320,"COOP","Cooper","CYC","CYC_COOP",366
"VIC",320,"COOP","Cooper","AEQ","AEQ_COOP",649
"VIC",320,"COOP","Cooper","DRF","DRF_COOP",30
"VIC",320,"COOP","Cooper","REP","REP_COOP",573
"VIC",320,"COOP","Cooper","AUP","AUP_COOP",266
"VIC",207,"CORA","Corangamite","","Informal",4317
"VIC",207,"CORA","Corangamite","IND","LAWRENCE",942
"VIC",207,"CORA","Corangamite","ALP","ALP_CORA",29831
"VIC",207,"CORA","Corangamite","LP","LP_CORA",38256
"VIC",207,"CORA","Corangamite","GRN","GRN_CORA",10588
"VIC",207,"CORA","Corangamite","FFP","FFP_CORA",1164
"VIC",207,"CORA","Corangamite","SAL","SAL_CORA",225
"VIC",207,"CORA","Corangamite","LDP","LDP_CORA",551
"VIC",207,"CORA","Corangamite","AJP","AJP_CORA",1959
"VIC",207,"CORA","Corangamite","RUA","RUA_CORA",1027
"VIC",207,"CORA","Corangamite","BTA","BTA_CORA",283
"VIC",207,"CORA","Corangamite","DRF","DRF_CORA",777
"VIC",207,"CORA","Corangamite","DHJP","DHJP_CORA",1991
"VIC",208,"CORI","Corio","","Informal",4524
"VIC",208,"CORI","Corio","IND","LAWRENCE",289
"VIC",208,"CORI","Corio","ALP","ALP_CORI",40149
"VIC",208,"CORI","Corio","LP","LP_CORI",33865
"VIC",208,"CORI","Corio","GRN","GRN_CORI",10807
"VIC",208,"CORI","Corio","FFP","FFP_CORI",416
"VIC",208,"CORI","Corio","SAL","SAL_CORI",876
"VIC",208,"CORI","Corio","LDP","LDP_CORI",161
"VIC",208,"CORI","Corio","AJP","AJP_CORI",2584
"VIC",208,"CORI","Corio","RUA","RUA_CORI",1557
"VIC",208,"CORI","Corio","BTA","BTA_CORI",855
"VIC",208,"CORI","Corio","DRF","DRF_CORI",266
"VIC",208,"CORI","Corio","DHJP","DHJP_CORI",631
"VIC",209,"DEAK","Deakin","","Informal",2983
"VIC",209,"DEAK","Deakin","IND","ROBINSON",106
"VIC",209,"DEAK","Deakin","IND","CHARLETON",312
"VIC",209,"DEAK","Deakin","IND","MAYNE",444
"VIC",209,"DEAK","Deakin","ALP","ALP_DEAK",28910
"VIC",209,"DEAK","Deakin","LP","LP_DEAK",48361
"VIC",209,"DEAK","Deakin","GRN","GRN_DEAK",10907
"VIC",209,"DEAK","Deakin","FFP","FFP_DEAK",2097
"VIC",209,"DEAK","Deakin","AJP","AJP_DEAK",2861
"VIC",209,"DEAK","Deakin","RUA","RUA_DEAK",306
"VIC",209,"DEAK","Deakin","AUC","AUC_DEAK",1693
"VIC",209,"DEAK","Deakin","VEP","VEP_DEAK",123
"VIC",210,"DUNK","Dunkley","","Informal",5821
"VIC",210,"DUNK","Dunkley","IND","TOSCANO",965
"VIC",210,"DUNK","Dunkley","ALP","ALP_DUNK",33087
"VIC",210,"DUNK","Dunkley","LP","LP_DUNK",37240
"VIC",210,"DUNK","Dunkley","GRN","GRN_DUNK",8588
"VIC",210,"DUNK","Dunkley","FFP","FFP_DUNK",1167
"VIC",210,"DUNK","Dunkley","LDP","LDP_DUNK",834
"VIC",210,"DUNK","Dunkley","AJP","AJP_DUNK",2614
"VIC",210,"DUNK","Dunkley","RUA","RUA_DUNK",580
"VIC",210,"DUNK","Dunkley","AUC","AUC_DUNK",561
"VIC",210,"DUNK","Dunkley","ARTS","ARTS_DUNK",439
"VIC",210,"DUNK","Dunkley","DHJP","DHJP_DUNK",4529
"VIC",211,"FLIN","Flinders","","Informal",3840
"VIC",211,"FLIN","Flinders","IND","LEWIS",2306
"VIC",211,"FLIN","Flinders","IND","TOSCANO",167
"VIC",211,"FLIN","Flinders","ALP","ALP_FLIN",25091
"VIC",211,"FLIN","Flinders","LP","LP_FLIN",46016
"VIC",211,"FLIN","Flinders","GRN","GRN_FLIN",10017
"VIC",211,"FLIN","Flinders","FFP","FFP_FLIN",226
"VIC",211,"FLIN","Flinders","LDP","LDP_FLIN",203
"VIC",211,"FLIN","Flinders","AJP","AJP_FLIN",3492
"VIC",211,"FLIN","Flinders","RUA","RUA_FLIN",2398
"VIC",211,"FLIN","Flinders","AUC","AUC_FLIN",116
"VIC",211,"FLIN","Flinders","ARTS","ARTS_FLIN",103
"VIC",211,"FLIN","Flinders","DHJP","DHJP_FLIN",981
"VIC",321,"FRAS","Fraser","","Informal",5343
"VIC",321,"FRAS","Fraser","IND","TRAN",1321
"VIC",321,"FRAS","Fraser","IND","LAKKIS",1090
"VIC",321,"FRAS","Fraser","IND","CUMMING",1023
"VIC",321,"FRAS","Fraser","ALP","ALP_FRAS",52214
"VIC",321,"FRAS","Fraser","LP","LP_FRAS",22652
"VIC",321,"FRAS","Fraser","GRN","GRN_FRAS",8709
"VIC",321,"FRAS","Fraser","AJP","AJP_FRAS",1600
"VIC",321,"FRAS","Fraser","AUC","AUC_FRAS",627
"VIC",212,"GELL","Gellibrand","","Informal",3650
"VIC",212,"GELL","Gellibrand","IND","TRAN",2801
"VIC",212,"GELL","Gellibrand","ALP","ALP_GELL",41456
"VIC",212,"GELL","Gellibrand","LP","LP_GELL",26715
"VIC",212,"GELL","Gellibrand","GRN","GRN_GELL",16996
"VIC",212,"GELL","Gellibrand","AFN","AFN_GELL",704
"VIC",212,"GELL","Gellibrand","RUA","RUA_GELL",1005
"VIC",213,"GIPP","Gippsland","","Informal",6639
"VIC",213,"GIPP","Gippsland","IND","McGOWAN",0
"VIC",213,"GIPP","Gippsland","IND","LAPPIN",0
"VIC",213,"GIPP","Gippsland","IND","DYER",0
"VIC",213,"GIPP","Gippsland","IND","SINDT",1379
"VIC",213,"GIPP","Gippsland","IND","SMITH",1577
"VIC",213,"GIPP","Gippsland","ALP","ALP_GIPP",18213
"VIC",213,"GIPP","Gippsland","LP","LP_GIPP",279
"VIC",213,"GIPP","Gippsland","NP","NP_GIPP",50308
"VIC",213,"GIPP","Gippsland","GRN","GRN_GIPP",7056
"VIC",213,"GIPP","Gippsland","FFP","FFP_GIPP",3100
"VIC",213,"GIPP","Gippsland","LDP","LDP_GIPP",4465
"VIC",213,"GIPP","Gippsland","AJP","AJP_GIPP",29
"VIC",213,"GIPP","Gippsland","CYA","CYA_GIPP",0
"VIC",213,"GIPP","Gippsland","RUA","RUA_GIPP",1545
"VIC",213,"GIPP","Gippsland","AUC","AUC_GIPP",763
"VIC",213,"GIPP","Gippsland","REP","REP_GIPP",1384
"VIC",214,"GOLD","Goldstein","","Informal",2363
"VIC",214,"GOLD","Goldstein","GRN","HERCUS",14871
"VIC",214,"GOLD","Goldstein","AJP","CHELLAPPAH",2222
"VIC",214,"GOLD","Goldstein","ALP","COOTE",20466
"VIC",214,"GOLD","Goldstein","LP","WILSON",52694
"VIC",214,"GOLD","Goldstein","FFP","BISHOP",1549
"VIC",214,"GOLD","Goldstein","DRF","KAVANAGH",1738
"VIC",309,"GORT","Gorton","","Informal",4442
"VIC",309,"GORT","Gorton","ALP","ALP_GORT",51159
"VIC",309,"GORT","Gorton","LP","LP_GORT",24028
"VIC",309,"GORT","Gorton","GRN","GRN_GORT",8350
"VIC",215,"HIGG","Higgins","","Informal",3611
"VIC",215,"HIGG","Higgins","ALP","ALP_HIGG",15301
"VIC",215,"HIGG","Higgins","LP","LP_HIGG",47749
"VIC",215,"HIGG","Higgins","GRN","GRN_HIGG",22396
"VIC",215,"HIGG","Higgins","FFP","FFP_HIGG",135
"VIC",215,"HIGG","Higgins","LDP","LDP_HIGG",1052
"VIC",215,"HIGG","Higgins","AJP","AJP_HIGG",1454
"VIC",215,"HIGG","Higgins","RUA","RUA_HIGG",144
"VIC",215,"HIGG","Higgins","AEQ","AEQ_HIGG",1198
"VIC",215,"HIGG","Higgins","XEN","XEN_HIGG",1932
"VIC",215,"HIGG","Higgins","DHJP","DHJP_HIGG",1216
"VIC",216,"HOLT","Holt","","Informal",4216
"VIC",216,"HOLT","Holt","IND","LEWIS",298
"VIC",216,"HOLT","Holt","ALP","ALP_HOLT",39920
"VIC",216,"HOLT","Holt","LP","LP_HOLT",27610
"VIC",216,"HOLT","Holt","GRN","GRN_HOLT",5336
"VIC",216,"HOLT","Holt","ASP","ASP_HOLT",103
"VIC",216,"HOLT","Holt","FFP","FFP_HOLT",3902
"VIC",216,"HOLT","Holt","LDP","LDP_HOLT",108
"VIC",216,"HOLT","Holt","ASXP","ASXP_HOLT",144
"VIC",216,"HOLT","Holt","AJP","AJP_HOLT",620
"VIC",216,"HOLT","Holt","RUA","RUA_HOLT",3414
"VIC",216,"HOLT","Holt","DHJP","DHJP_HOLT",329
"VIC",217,"HOTH","Hotham","","Informal",3822
"VIC",217,"HOTH","Hotham","ALP","ALP_HOTH",40481
"VIC",217,"HOTH","Hotham","LP","LP_HOTH",37901
"VIC",217,"HOTH","Hotham","GRN","GRN_HOTH",8511
"VIC",217,"HOTH","Hotham","FFP","FFP_HOTH",2468
"VIC",217,"HOTH","Hotham","AJP","AJP_HOTH",2313
"VIC",217,"HOTH","Hotham","RUA","RUA_HOTH",1490
"VIC",217,"HOTH","Hotham","DRF","DRF_HOTH",494
"VIC",217,"HOTH","Hotham","REP","REP_HOTH",301
"VIC",218,"INDI","Indi","","Informal",6555
"VIC",218,"INDI","Indi","IND","McGOWAN",31125
"VIC",218,"INDI","Indi","IND","SUMMER",110
"VIC",218,"INDI","Indi","IND","LAPPIN",1746
"VIC",218,"INDI","Indi","IND","DYER",459
"VIC",218,"INDI","Indi","IND","CHARLETON",0
"VIC",218,"INDI","Indi","IND","BOCK",118
"VIC",218,"INDI","Indi","IND","SINDT",0
"VIC",218,"INDI","Indi","IND","HICKS",33
"VIC",218,"INDI","Indi","IND","SMITH",0
"VIC",218,"INDI","Indi","IND","TEASDALE",41
"VIC",218,"INDI","Indi","IND","LEE",0
"VIC",218,"INDI","Indi","ALP","ALP_INDI",9369
"VIC",218,"INDI","Indi","LP","LP_INDI",25895
"VIC",218,"INDI","Indi","NP","NP_INDI",16535
"VIC",218,"INDI","Indi","GRN","GRN_INDI",3692
"VIC",218,"INDI","Indi","CEC","CEC_INDI",10
"VIC",218,"INDI","Indi","FFP","FFP_INDI",0
"VIC",218,"INDI","Indi","LDP","LDP_INDI",879
"VIC",218,"INDI","Indi","AJP","AJP_INDI",0
"VIC",218,"INDI","Indi","CYA","CYA_INDI",1953
"VIC",218,"INDI","Indi","RUA","RUA_INDI",1186
"VIC",218,"INDI","Indi","AUC","AUC_INDI",0
"VIC",218,"INDI","Indi","REP","REP_INDI",0
"VIC",219,"ISAA","Isaacs","","Informal",3230
"VIC",219,"ISAA","Isaacs","ALP","ALP_ISAA",37415
"VIC",219,"ISAA","Isaacs","LP","LP_ISAA",38979
"VIC",219,"ISAA","Isaacs","GRN","GRN_ISAA",9795
"VIC",219,"ISAA","Isaacs","FFP","FFP_ISAA",639
"VIC",219,"ISAA","Isaacs","AJP","AJP_ISAA",3968
"VIC",219,"ISAA","Isaacs","RUA","RUA_ISAA",592
"VIC",220,"JAGA","Jagajaga","","Informal",2980
"VIC",220,"JAGA","Jagajaga","ALP","ALP_JAGA",38682
"VIC",220,"JAGA","Jagajaga","LP","LP_JAGA",37708
"VIC",220,"JAGA","Jagajaga","GRN","GRN_JAGA",12633
"VIC",220,"JAGA","Jagajaga","FFP","FFP_JAGA",1879
"VIC",220,"JAGA","Jagajaga","AJP","AJP_JAGA",2498
"VIC",220,"JAGA","Jagajaga","DRF","DRF_JAGA",666
"VIC",221,"KOOY","Kooyong","","Informal",1963
"VIC",221,"KOOY","Kooyong","IND","ZUBAC",2750
"VIC",221,"KOOY","Kooyong","ALP","ALP_KOOY",19722
"VIC",221,"KOOY","Kooyong","LP","LP_KOOY",55390
"VIC",221,"KOOY","Kooyong","GRN","GRN_KOOY",17863
"VIC",221,"KOOY","Kooyong","FFP","FFP_KOOY",138
"VIC",221,"KOOY","Kooyong","AJP","AJP_KOOY",125
"VIC",221,"KOOY","Kooyong","RUA","RUA_KOOY",91
"VIC",222,"LALO","Lalor","","Informal",3891
"VIC",222,"LALO","Lalor","ALP","ALP_LALO",42901
"VIC",222,"LALO","Lalor","LP","LP_LALO",24672
"VIC",222,"LALO","Lalor","GRN","GRN_LALO",7847
"VIC",222,"LALO","Lalor","AFN","AFN_LALO",2528
"VIC",222,"LALO","Lalor","RUA","RUA_LALO",3680
"VIC",223,"LTRO","La Trobe","","Informal",4923
"VIC",223,"LTRO","La Trobe","ALP","ALP_LTRO",26295
"VIC",223,"LTRO","La Trobe","LP","LP_LTRO",36104
"VIC",223,"LTRO","La Trobe","GRN","GRN_LTRO",6777
"VIC",223,"LTRO","La Trobe","ASP","ASP_LTRO",779
"VIC",223,"LTRO","La Trobe","FFP","FFP_LTRO",2366
"VIC",223,"LTRO","La Trobe","LDP","LDP_LTRO",1342
"VIC",223,"LTRO","La Trobe","ASXP","ASXP_LTRO",1124
"VIC",223,"LTRO","La Trobe","AJP","AJP_LTRO",2581
"VIC",223,"LTRO","La Trobe","RUA","RUA_LTRO",1609
"VIC",223,"LTRO","La Trobe","AUC","AUC_LTRO",495
"VIC",223,"LTRO","La Trobe","DHJP","DHJP_LTRO",2347
"VIC",322,"MACN","Macnamara","","Informal",3915
"VIC",322,"MACN","Macnamara","IND","MYERS",425
"VIC",322,"MACN","Macnamara","IND","HOLLAND",1393
"VIC",322,"MACN","Macnamara","ALP","ALP_MACN",23547
"VIC",322,"MACN","Macnamara","LP","LP_MACN",37240
"VIC",322,"MACN","Macnamara","GRN","GRN_MACN",21431
"VIC",322,"MACN","Macnamara","LDP","LDP_MACN",41
"VIC",322,"MACN","Macnamara","AJP","AJP_MACN",1759
"VIC",322,"MACN","Macnamara","AEQ","AEQ_MACN",1416
"VIC",322,"MACN","Macnamara","DRF","DRF_MACN",1348
"VIC",322,"MACN","Macnamara","XEN","XEN_MACN",75
"VIC",322,"MACN","Macnamara","DHJP","DHJP_MACN",48
"VIC",224,"MALL","Mallee","","Informal",4902
"VIC",224,"MALL","Mallee","IND","DONLON",17
"VIC",224,"MALL","Mallee","IND","SUMMER",58
"VIC",224,"MALL","Mallee","IND","ATKINSON",389
"VIC",224,"MALL","Mallee","IND","McCLUSKEY",439
"VIC",224,"MALL","Mallee","IND","BOCK",67
"VIC",224,"MALL","Mallee","IND","HICKS",52
"VIC",224,"MALL","Mallee","IND","TEASDALE",51
"VIC",224,"MALL","Mallee","IND","ECKEL",0
"VIC",224,"MALL","Mallee","ALP","ALP_MALL",22135
"VIC",224,"MALL","Mallee","LP","LP_MALL",6963
"VIC",224,"MALL","Mallee","NP","NP_MALL",54906
"VIC",224,"MALL","Mallee","GRN","GRN_MALL",6885
"VIC",224,"MALL","Mallee","CEC","CEC_MALL",1635
"VIC",224,"MALL","Mallee","FFP","FFP_MALL",17
"VIC",224,"MALL","Mallee","AJP","AJP_MALL",13
"VIC",224,"MALL","Mallee","CYA","CYA_MALL",165
"VIC",224,"MALL","Mallee","RUA","RUA_MALL",4399
"VIC",224,"MALL","Mallee","AUC","AUC_MALL",0
"VIC",225,"MARI","Maribyrnong","","Informal",3813
"VIC",225,"MARI","Maribyrnong","IND","TRAN",493
"VIC",225,"MARI","Maribyrnong","IND","LAKKIS",0
"VIC",225,"MARI","Maribyrnong","IND","TIMPANO",83
"VIC",225,"MARI","Maribyrnong","IND","CUMMING",2149
"VIC",225,"MARI","Maribyrnong","ALP","ALP_MARI",38797
"VIC",225,"MARI","Maribyrnong","LP","LP_MARI",31115
"VIC",225,"MARI","Maribyrnong","GRN","GRN_MARI",15890
"VIC",225,"MARI","Maribyrnong","SEP","SEP_MARI",9
"VIC",225,"MARI","Maribyrnong","SAL","SAL_MARI",12
"VIC",225,"MARI","Maribyrnong","ASXP","ASXP_MARI",534
"VIC",225,"MARI","Maribyrnong","AJP","AJP_MARI",1859
"VIC",225,"MARI","Maribyrnong","AUC","AUC_MARI",1023
"VIC",225,"MARI","Maribyrnong","DRF","DRF_MARI",245
"VIC",225,"MARI","Maribyrnong","REP","REP_MARI",34
"VIC",226,"MCEW","McEwen","","Informal",4947
"VIC",226,"MCEW","McEwen","IND","DONLON",46
"VIC",226,"MCEW","McEwen","IND","LEE",2033
"VIC",226,"MCEW","McEwen","ALP","ALP_MCEW",35418
"VIC",226,"MCEW","McEwen","LP","LP_MCEW",30054
"VIC",226,"MCEW","McEwen","NP","NP_MCEW",1698
"VIC",226,"MCEW","McEwen","GRN","GRN_MCEW",7211
"VIC",226,"MCEW","McEwen","FFP","FFP_MCEW",2515
"VIC",226,"MCEW","McEwen","AJP","AJP_MCEW",2381
"VIC",226,"MCEW","McEwen","CYA","CYA_MCEW",1115
"VIC",226,"MCEW","McEwen","RUA","RUA_MCEW",1326
"VIC",226,"MCEW","McEwen","DRF","DRF_MCEW",111
"VIC",228,"MELB","Melbourne","","Informal",2153
"VIC",228,"MELB","Melbourne","IND","GUARDIANI",4
"VIC",228,"MELB","Melbourne","IND","SUTTON",13
"VIC",228,"MELB","Melbourne","IND","TIMPANO",25
"VIC",228,"MELB","Melbourne","ALP","ALP_MELB",20149
"VIC",228,"MELB","Melbourne","LP","LP_MELB",20846
"VIC",228,"MELB","Melbourne","GRN","GRN_MELB",37516
"VIC",228,"MELB","Melbourne","SEP","SEP_MELB",6
"VIC",228,"MELB","Melbourne","SAL","SAL_MELB",12
"VIC",228,"MELB","Melbourne","ASXP","ASXP_MELB",2931
"VIC",228,"MELB","Melbourne","AJP","AJP_MELB",1523
"VIC",228,"MELB","Melbourne","CYC","CYC_MELB",5
"VIC",228,"MELB","Melbourne","AEQ","AEQ_MELB",6
"VIC",228,"MELB","Melbourne","DRF","DRF_MELB",1039
"VIC",228,"MELB","Melbourne","REP","REP_MELB",29
"VIC",228,"MELB","Melbourne","AUP","AUP_MELB",3
"VIC",229,"MENZ","Menzies","","Informal",4543
"VIC",229,"MENZ","Menzies","IND","ROBINSON",624
"VIC",229,"MENZ","Menzies","IND","MAYNE",5419
"VIC",229,"MENZ","Menzies","ALP","ALP_MENZ",25652
"VIC",229,"MENZ","Menzies","LP","LP_MENZ",47499
"VIC",229,"MENZ","Menzies","GRN","GRN_MENZ",9904
"VIC",229,"MENZ","Menzies","FFP","FFP_MENZ",2877
"VIC",229,"MENZ","Menzies","AJP","AJP_MENZ",2475
"VIC",229,"MENZ","Menzies","VEP","VEP_MENZ",850
"VIC",229,"MENZ","Menzies","DRF","DRF_MENZ",0
"VIC",323,"MONA","Monash","","Informal",5060
"VIC",323,"MONA","Monash","IND","LEWIS",503
"VIC",323,"MONA","Monash","IND","SINDT",0
"VIC",323,"MONA","Monash","IND","SMITH",0
"VIC",323,"MONA","Monash","ALP","ALP_MONA",25145
"VIC",323,"MONA","Monash","LP","LP_MONA",45165
"VIC",323,"MONA","Monash","NP","NP_MONA",1
"VIC",323,"MONA","Monash","GRN","GRN_MONA",9153
"VIC",323,"MONA","Monash","FFP","FFP_MONA",2421
"VIC",323,"MONA","Monash","LDP","LDP_MONA",1640
"VIC",323,"MONA","Monash","AJP","AJP_MONA",2763
"VIC",323,"MONA","Monash","RUA","RUA_MONA",2551
"VIC",323,"MONA","Monash","AUC","AUC_MONA",1249
"VIC",323,"MONA","Monash","REP","REP_MONA",0
"VIC",324,"NICH","Nicholls","","Informal",8531
"VIC",324,"NICH","Nicholls","IND","McGOWAN",211
"VIC",324,"NICH","Nicholls","IND","SUMMER",3155
"VIC",324,"NICH","Nicholls","IND","LAPPIN",11
"VIC",324,"NICH","Nicholls","IND","DYER",3
"VIC",324,"NICH","Nicholls","IND","BOCK",1282
"VIC",324,"NICH","Nicholls","IND","HICKS",759
"VIC",324,"NICH","Nicholls","IND","TEASDALE",945
"VIC",324,"NICH","Nicholls","IND","LEE",490
"VIC",324,"NICH","Nicholls","ALP","ALP_NICH",15457
"VIC",324,"NICH","Nicholls","LP","LP_NICH",28898
"VIC",324,"NICH","Nicholls","NP","NP_NICH",29560
"VIC",324,"NICH","Nicholls","GRN","GRN_NICH",4018
"VIC",324,"NICH","Nicholls","CEC","CEC_NICH",207
"VIC",324,"NICH","Nicholls","FFP","FFP_NICH",335
"VIC",324,"NICH","Nicholls","LDP","LDP_NICH",7
"VIC",324,"NICH","Nicholls","AJP","AJP_NICH",240
"VIC",324,"NICH","Nicholls","CYA","CYA_NICH",3548
"VIC",324,"NICH","Nicholls","RUA","RUA_NICH",1305
"VIC",232,"SCUL","Scullin","CYA","CYA_SCUL",100
"VIC",232,"SCUL","Scullin","RUA","RUA_SCUL",127
"VIC",232,"SCUL","Scullin","CYC","CYC_SCUL",15
"VIC",232,"SCUL","Scullin","AEQ","AEQ_SCUL",27
"VIC",232,"SCUL","Scullin","DRF","DRF_SCUL",2418
"VIC",232,"SCUL","Scullin","REP","REP_SCUL",29
"VIC",232,"SCUL","Scullin","AUP","AUP_SCUL",13
"VIC",232,"SCUL","Scullin","","Informal",5266
"VIC",232,"SCUL","Scullin","IND","GUARDIANI",32
"VIC",232,"SCUL","Scullin","IND","SUTTON",74
"VIC",232,"SCUL","Scullin","IND","LEE",197
"VIC",232,"SCUL","Scullin","ALP","ALP_SCUL",50584
"VIC",232,"SCUL","Scullin","LP","LP_SCUL",22021
"VIC",232,"SCUL","Scullin","NP","NP_SCUL",100
"VIC",232,"SCUL","Scullin","GRN","GRN_SCUL",6148
"VIC",232,"SCUL","Scullin","FFP","FFP_SCUL",376
"VIC",232,"SCUL","Scullin","ASXP","ASXP_SCUL",103
"VIC",232,"SCUL","Scullin","AJP","AJP_SCUL",2812
"VIC",233,"WANN","Wannon","","Informal",4597
"VIC",233,"WANN","Wannon","IND","ATKINSON",2630
"VIC",233,"WANN","Wannon","IND","McCLUSKEY",3609
"VIC",233,"WANN","Wannon","IND","ECKEL",80
"VIC",233,"WANN","Wannon","IND","LAWRENCE",288
"VIC",233,"WANN","Wannon","ALP","ALP_WANN",29977
"VIC",233,"WANN","Wannon","LP","LP_WANN",50382
"VIC",233,"WANN","Wannon","NP","NP_WANN",2816
"VIC",233,"WANN","Wannon","GRN","GRN_WANN",8193
"VIC",233,"WANN","Wannon","CEC","CEC_WANN",90
"VIC",233,"WANN","Wannon","FFP","FFP_WANN",415
"VIC",233,"WANN","Wannon","LDP","LDP_WANN",159
"VIC",233,"WANN","Wannon","AJP","AJP_WANN",144
"VIC",233,"WANN","Wannon","RUA","RUA_WANN",425
"VIC",233,"WANN","Wannon","AUC","AUC_WANN",84
"VIC",233,"WANN","Wannon","DRF","DRF_WANN",226
"VIC",233,"WANN","Wannon","DHJP","DHJP_WANN",417
"VIC",234,"WILL","Wills","","Informal",6261
"VIC",234,"WILL","Wills","IND","TIMPANO",1680
"VIC",234,"WILL","Wills","ALP","ALP_WILL",32305
"VIC",234,"WILL","Wills","LP","LP_WILL",18356
"VIC",234,"WILL","Wills","GRN","GRN_WILL",26339
"VIC",234,"WILL","Wills","SEP","SEP_WILL",272
"VIC",234,"WILL","Wills","SAL","SAL_WILL",606
"VIC",234,"WILL","Wills","ASXP","ASXP_WILL",2372
"VIC",234,"WILL","Wills","AJP","AJP_WILL",1417
"VIC",234,"WILL","Wills","DRF","DRF_WILL",1160
"VIC",234,"WILL","Wills","REP","REP_WILL",705
"WA",235,"BRAN","Brand","","Informal",3602
"WA",235,"BRAN","Brand","GRN","JECKS",9542
"WA",235,"BRAN","Brand","RUA","SCOTT",4704
"WA",235,"BRAN","Brand","ALP","KING",38803
"WA",235,"BRAN","Brand","LP","BUCHANAN",25843
"WA",235,"BRAN","Brand","AUC","BURDETT",2826
"WA",317,"BURT","Burt","","Informal",3903
"WA",317,"BURT","Burt","GRN","SALMAN",6770
"WA",317,"BURT","Burt","ALP","KEOGH",39673
"WA",317,"BURT","Burt","LP","O'SULLIVAN",29836
"WA",317,"BURT","Burt","AUC","SPYKER",4345
"WA",317,"BURT","Burt","ASP","BLEVIN",3734
"WA",236,"CANN","Canning","","Informal",3743
"WA",236,"CANN","Canning","GRN","BLUNDELL-CAMDEN",7388
"WA",236,"CANN","Canning","ALP","WINMAR",27918
"WA",236,"CANN","Canning","LP","HASTIE",42497
"WA",236,"CANN","Canning","AUC","VANDER VEN",3110
"WA",236,"CANN","Canning","NP","TURNER",3581
"WA",237,"COWA","Cowan","","Informal",4712
"WA",237,"COWA","Cowan","MAP","VENESS",868
"WA",237,"COWA","Cowan","GRN","YOUNG",6193
"WA",237,"COWA","Cowan","LDP","HAMILTON",1096
"WA",237,"COWA","Cowan","ALP","ALY",33966
"WA",237,"COWA","Cowan","LP","SIMPKINS",34405
"WA",237,"COWA","Cowan","AUC","HOST",2680
"WA",237,"COWA","Cowan","ASP","CHESTER",2288
"WA",238,"CURT","Curtin","","Informal",1772
"WA",238,"CURT","Curtin","GRN","GLANCE",12180
"WA",238,"CURT","Curtin","IND","BOULTER",2389
"WA",238,"CURT","Curtin","ALP","CALLANAN",13476
"WA",238,"CURT","Curtin","LP","BISHOP",56175
"WA",238,"CURT","Curtin","ALA","ARCHIBALD",1544
"WA",312,"DURA","Durack","","Informal",3122
"WA",312,"DURA","Durack","GRN","JAMES",7710
"WA",312,"DURA","Durack","RUA","SAMBELL",2885
"WA",312,"DURA","Durack","ALP","MARTIN",19860
"WA",312,"DURA","Durack","LP","PRICE",32011
"WA",312,"DURA","Durack","AUC","GOULD",1966
"WA",312,"DURA","Durack","NP","COLE",12257
"WA",239,"FORR","Forrest","","Informal",5269
"WA",239,"FORR","Forrest","GRN","READING",10137
"WA",239,"FORR","Forrest","RUA","WHATELY",1654
"WA",239,"FORR","Forrest","ODR","FISHLOCK",2375
"WA",239,"FORR","Forrest","IND","SLATER",2896
"WA",239,"FORR","Forrest","ALP","LOUD",19596
"WA",239,"FORR","Forrest","LP","MARINO",41869
"WA",239,"FORR","Forrest","AUC","DABROWSKI",1858
"WA",239,"FORR","Forrest","NP","PILKINGTON",4306
"WA",240,"FREM","Fremantle","","Informal",3535
"WA",240,"FREM","Fremantle","GRN","DAVIS",15053
"WA",240,"FREM","Fremantle","MAP","CONNOLLY",2335
"WA",240,"FREM","Fremantle","ALP","WILSON",34792
"WA",240,"FREM","Fremantle","LP","KELLY",31292
"WA",240,"FREM","Fremantle","SAL","JENKINS",1404
"WA",305,"HASL","Hasluck","","Informal",3425
"WA",305,"HASL","Hasluck","GRN","HYSLOP",10283
"WA",305,"HASL","Hasluck","RUA","BARNARD",2999
"WA",305,"HASL","Hasluck","ALP","LEADBETTER",28652
"WA",305,"HASL","Hasluck","LP","WYATT",36519
"WA",305,"HASL","Hasluck","AUC","TWISS",2798
"WA",242,"MOOR","Moore","","Informal",2891
"WA",242,"MOOR","Moore","GRN","LINDLEY",11100
"WA",242,"MOOR","Moore","ALP","WALKER",25118
"WA",242,"MOOR","Moore","LP","GOODENOUGH",48133
"WA",242,"MOOR","Moore","AUC","GROENEWALD",3194
"WA",243,"OCON","O'Connor","","Informal",3439
"WA",243,"OCON","O'Connor","GRN","WATSON",9013
"WA",243,"OCON","O'Connor","RUA","CARSON",3207
"WA",243,"OCON","O'Connor","ALP","FORD",18190
"WA",243,"OCON","O'Connor","LP","WILSON",37092
"WA",243,"OCON","O'Connor","AUC","YOUNG",3496
"WA",243,"OCON","O'Connor","NP","HASSELL",15936
"WA",244,"PEAR","Pearce","","Informal",4150
"WA",244,"PEAR","Pearce","GRN","MILES",9543
"WA",244,"PEAR","Pearce","RUA","SAMURIWO-VUNTARDE",4049
"WA",244,"PEAR","Pearce","ALP","FRENCH",29809
"WA",244,"PEAR","Pearce","LP","PORTER",39551
"WA",244,"PEAR","Pearce","NP","SIMMONDS",4080
"WA",245,"PERT","Perth","","Informal",3274
"WA",245,"PERT","Perth","SOL","CHAMBERS",1300
"WA",245,"PERT","Perth","GRN","CLIFFORD",14272
"WA",245,"PERT","Perth","LDP","WALMSLEY",1430
"WA",245,"PERT","Perth","ALP","HAMMOND",31248
"WA",245,"PERT","Perth","LP","QUINN",35381
"WA",246,"STIR","Stirling","","Informal",3587
"WA",246,"STIR","Stirling","IND","MUBARAK",2172
"WA",246,"STIR","Stirling","GRN","WEBSTER",9679
"WA",246,"STIR","Stirling","RUA","ROWE",1361
"WA",246,"STIR","Stirling","ALP","PEARSON",26669
"WA",246,"STIR","Stirling","LP","KEENAN",40991
"WA",246,"STIR","Stirling","AUC","HOST",2019
"WA",247,"SWAN","Swan","","Informal",3062
"WA",247,"SWAN","Swan","GRN","NIELSEN-HARVEY",12227
"WA",247,"SWAN","Swan","ALP","SOLONEC",26869
"WA",247,"SWAN","Swan","LP","IRONS",39220
"WA",247,"SWAN","Swan","AUC","KLOMP",3086
"WA",248,"TANG","Tangney","","Informal",2183
"WA",248,"TANG","Tangney","IND","JENSEN",9924
"WA",248,"TANG","Tangney","GRN","KERR",10353
"WA",248,"TANG","Tangney","ALP","BOSWELL",19679
"WA",248,"TANG","Tangney","LP","MORTON",40790
"WA",248,"TANG","Tangney","AUC","WIESKE",2819
